{"cameraMode":{"drawMode":0,"name":"Shaded","section":"Shading Mode"},"sceneLighting":false,"audioPlay":false,"sceneViewState":{"showFog":true,"showMaterialUpdate":false,"showSkybox":true,"showFlares":true,"showImageEffects":true,"showParticleSystems":true},"in2DMode":false,"pivot":{"x":-2.384185791015625e-7,"y":5.960464477539063e-8,"z":-16.799999237060548},"rotation":{"x":-0.28594452142715456,"y":0.4571802318096161,"z":-0.15816441178321839,"w":-0.8271793723106384},"size":22.0,"orthographic":false}