{"cameraMode":{"drawMode":0,"name":"Shaded","section":"Shading Mode"},"sceneLighting":false,"audioPlay":false,"sceneViewState":{"showFog":true,"showMaterialUpdate":false,"showSkybox":true,"showFlares":true,"showImageEffects":true,"showParticleSystems":true},"in2DMode":false,"pivot":{"x":14.18958854675293,"y":-1.9637515544891358,"z":-3.731226921081543},"rotation":{"x":-0.17448243498802186,"y":0.006823125295341015,"z":-0.0013138360809534789,"w":-0.9846468567848206},"size":12.533185958862305,"orthographic":false}